{
  "summary": {
    "count": 10.0,
    "recall@5": 0.9,
    "ndcg@5": 0.7192536065216308,
    "recall@10": 1.0,
    "ndcg@10": 0.754874325232433,
    "recall@20": 1.0,
    "ndcg@20": 0.754874325232433,
    "backend": "aegis",
    "run_id": "dev",
    "elapsed_s": 14.106626291999998
  },
  "questions": [
    {
      "question_id": "e47becba",
      "question_type": "single-session-user",
      "latency_ms": 12216.484709000002,
      "retrieved_session_ids": [
        "sharegpt_yywfIrx_0",
        "answer_280352e9"
      ],
      "gold_session_ids": [
        "answer_280352e9"
      ],
      "metadata": {
        "fact_count": 18,
        "entity_count": 2,
        "context_chars": 3585
      },
      "recall@5": 1.0,
      "ndcg@5": 0.6309297535714575,
      "recall@10": 1.0,
      "ndcg@10": 0.6309297535714575,
      "recall@20": 1.0,
      "ndcg@20": 0.6309297535714575
    },
    {
      "question_id": "118b2229",
      "question_type": "single-session-user",
      "latency_ms": 273.9274169999994,
      "retrieved_session_ids": [
        "7d8b5834_1",
        "5209e813_2",
        "004edb32",
        "db50c0f6",
        "sharegpt_ltGQxlc_0",
        "answer_40a90d51",
        "db73b7e4_4",
        "sharegpt_dabXXRO_10",
        "febc8622",
        "65698aa9_4",
        "afe04238_1",
        "628c958c_7"
      ],
      "gold_session_ids": [
        "answer_40a90d51"
      ],
      "metadata": {
        "fact_count": 20,
        "entity_count": 15,
        "context_chars": 6277
      },
      "recall@5": 0.0,
      "ndcg@5": 0.0,
      "recall@10": 1.0,
      "ndcg@10": 0.3562071871080222,
      "recall@20": 1.0,
      "ndcg@20": 0.3562071871080222
    },
    {
      "question_id": "51a45a95",
      "question_type": "single-session-user",
      "latency_ms": 214.91608299999854,
      "retrieved_session_ids": [
        "answer_d61669c7",
        "5c44d9fe_1",
        "6e0b1800_2",
        "127fd1c9",
        "07ba9acd_2",
        "f32d1ccf_1",
        "55e0c6db_2",
        "4679a05c",
        "98c198fb",
        "217debf7"
      ],
      "gold_session_ids": [
        "answer_d61669c7"
      ],
      "metadata": {
        "fact_count": 20,
        "entity_count": 20,
        "context_chars": 5968
      },
      "recall@5": 1.0,
      "ndcg@5": 1.0,
      "recall@10": 1.0,
      "ndcg@10": 1.0,
      "recall@20": 1.0,
      "ndcg@20": 1.0
    },
    {
      "question_id": "58bf7951",
      "question_type": "single-session-user",
      "latency_ms": 189.11279199999953,
      "retrieved_session_ids": [
        "answer_355c48bb",
        "ultrachat_278141",
        "793382f9_2",
        "e2efa128",
        "5b83c26e_1",
        "ultrachat_71618",
        "ultrachat_38680"
      ],
      "gold_session_ids": [
        "answer_355c48bb"
      ],
      "metadata": {
        "fact_count": 20,
        "entity_count": 17,
        "context_chars": 6120
      },
      "recall@5": 1.0,
      "ndcg@5": 1.0,
      "recall@10": 1.0,
      "ndcg@10": 1.0,
      "recall@20": 1.0,
      "ndcg@20": 1.0
    },
    {
      "question_id": "1e043500",
      "question_type": "single-session-user",
      "latency_ms": 191.42129200000113,
      "retrieved_session_ids": [
        "answer_3e012175",
        "sharegpt_Clr6oyu_0",
        "sharegpt_bph7DTk_7",
        "3548cae3",
        "ultrachat_266656",
        "8020d945_2",
        "sharegpt_Ij8JbdT_0",
        "0363e91f"
      ],
      "gold_session_ids": [
        "answer_3e012175"
      ],
      "metadata": {
        "fact_count": 20,
        "entity_count": 20,
        "context_chars": 5862
      },
      "recall@5": 1.0,
      "ndcg@5": 1.0,
      "recall@10": 1.0,
      "ndcg@10": 1.0,
      "recall@20": 1.0,
      "ndcg@20": 1.0
    },
    {
      "question_id": "c5e8278d",
      "question_type": "single-session-user",
      "latency_ms": 204.03024999999886,
      "retrieved_session_ids": [
        "0fe848c5_3",
        "89c1cdfa_1",
        "d777e7da_1",
        "answer_f6168136",
        "42e69993_2",
        "89b1028d_1",
        "193c23bd_2",
        "ultrachat_144730",
        "aaf71ce2_2"
      ],
      "gold_session_ids": [
        "answer_f6168136"
      ],
      "metadata": {
        "fact_count": 20,
        "entity_count": 20,
        "context_chars": 5768
      },
      "recall@5": 1.0,
      "ndcg@5": 0.43067655807339306,
      "recall@10": 1.0,
      "ndcg@10": 0.43067655807339306,
      "recall@20": 1.0,
      "ndcg@20": 0.43067655807339306
    },
    {
      "question_id": "6ade9755",
      "question_type": "single-session-user",
      "latency_ms": 151.45554200000078,
      "retrieved_session_ids": [
        "answer_9398da02",
        "5df2f487",
        "ec8fa65d_2",
        "4f29941e_1"
      ],
      "gold_session_ids": [
        "answer_9398da02"
      ],
      "metadata": {
        "fact_count": 20,
        "entity_count": 20,
        "context_chars": 6059
      },
      "recall@5": 1.0,
      "ndcg@5": 1.0,
      "recall@10": 1.0,
      "ndcg@10": 1.0,
      "recall@20": 1.0,
      "ndcg@20": 1.0
    },
    {
      "question_id": "6f9b354f",
      "question_type": "single-session-user",
      "latency_ms": 180.37437499999953,
      "retrieved_session_ids": [
        "answer_feb5200f",
        "sharegpt_BYHT3Xz_0",
        "0c0f2449_2",
        "sharegpt_nCTZBKf_24",
        "de877349",
        "a729934a_2",
        "f2d7486b"
      ],
      "gold_session_ids": [
        "answer_feb5200f"
      ],
      "metadata": {
        "fact_count": 20,
        "entity_count": 20,
        "context_chars": 6934
      },
      "recall@5": 1.0,
      "ndcg@5": 1.0,
      "recall@10": 1.0,
      "ndcg@10": 1.0,
      "recall@20": 1.0,
      "ndcg@20": 1.0
    },
    {
      "question_id": "58ef2f1c",
      "question_type": "single-session-user",
      "latency_ms": 116.19337499999816,
      "retrieved_session_ids": [
        "e6ab6a7b_2",
        "ultrachat_246324",
        "answer_59547700",
        "403ee298_1",
        "ultrachat_477344",
        "b546cb39_2"
      ],
      "gold_session_ids": [
        "answer_59547700"
      ],
      "metadata": {
        "fact_count": 20,
        "entity_count": 20,
        "context_chars": 6755
      },
      "recall@5": 1.0,
      "ndcg@5": 0.5,
      "recall@10": 1.0,
      "ndcg@10": 0.5,
      "recall@20": 1.0,
      "ndcg@20": 0.5
    },
    {
      "question_id": "f8c5f88b",
      "question_type": "single-session-user",
      "latency_ms": 161.8420829999998,
      "retrieved_session_ids": [
        "15232887_1",
        "answer_c3567066",
        "0a6bf5e4_2",
        "84a93262",
        "1ede478b",
        "54e9197a",
        "68ace657_1",
        "5520ca18",
        "394f846b"
      ],
      "gold_session_ids": [
        "answer_c3567066"
      ],
      "metadata": {
        "fact_count": 20,
        "entity_count": 20,
        "context_chars": 5928
      },
      "recall@5": 1.0,
      "ndcg@5": 0.6309297535714575,
      "recall@10": 1.0,
      "ndcg@10": 0.6309297535714575,
      "recall@20": 1.0,
      "ndcg@20": 0.6309297535714575
    }
  ]
}